,Unnamed: 0,latitude,longitude,Nom de l'etablissement,Note
0,0,5.3266644,-4.0230436,Hotel Ibis - Plateau,4.5
1,1,6.8227502,-5.2707787,Hotel Fanon,3.0
2,2,5.3261145,-4.0043371,Hotel Ivoire,4.5
3,3,5.3271311,-3.9594345,Hotel - La Maison Excellence,2.0
4,4,5.2183437,-3.7419942,N’Sa Hotel,2.0
5,5,5.3049959,-3.9689762,Hotel Canal,2.0
6,6,7.6854562,-5.0293077,RAN Hotel,2.0
7,7,5.3062394,-3.9892677,Hotel Hamanieh,2.0
8,9,5.404783,-6.552319,Hotel Kato,2.0
9,10,5.3533125,-4.0025425,Hotel Palm Club,4.5
10,11,6.385939,-5.4004446,Hotel Concorde,3.0
11,12,5.1960992,-3.7309237,Residence Akil Borro,2.0
12,13,5.358658,-3.9781762,Residence Ben,2.0
13,14,6.3745831,-5.4210395,Hotel KONA,3.0
14,15,6.3738921,-5.4220739,Hotel Residence Harmonie,3.0
15,16,6.38509,-5.4045207,Hotel des Arts,3.0
16,17,6.3792337,-5.422363,Hotel VTR,3.0
17,18,6.3773694,-5.4247711,Hotel La Source,3.0
18,19,6.3847063,-5.4150046,Hotel Soleil,3.0
19,20,5.3374156,-4.0945827,Hotel Belview,4.5
20,21,5.3369069,-4.0958681,Hotel Hudson,4.5
21,22,5.3397375,-4.0956946,Hotel Kimi,4.5
22,24,5.3375427,-4.1024998,Hotel Abidjan,4.5
23,25,5.3365879,-4.1013683,Complex Hotelier Mandoux,4.5
24,26,6.3847253,-5.4158152,Hotel Djetran,3.0
25,27,6.381105,-5.4261218,Hotel Beau-Sejour,3.0
26,28,6.3905211,-5.4095069,Hotel Etranou,3.0
27,29,5.3325433,-4.0973301,Hotel Ayomibile,4.5
28,30,5.3346907,-4.1019362,Espace Kignon Restaurant et Hotel,4.5
29,31,5.3328115,-4.0677131,Hotel Assanvon,4.5
30,33,5.2168176,-3.7424033,Maffouet Hotel,2.0
31,34,5.3289054,-3.9352561,Hotel M'Badon Village,2.0
32,36,5.3286799,-3.9382002,Residence Hotel Coquette,2.0
33,37,5.3607275,-3.9933495,Residence Bertille,2.0
34,38,5.3296106,-3.9720507,Heden Golf Hotel Abidjan,2.0
35,39,5.3869104,-3.9700817,Hotel Belle Cote,2.0
36,40,5.3804787,-4.0049391,Zoo d'Abidjan,4.5
37,41,5.2912168,-3.9736144,Hotel Ibis Abidjan Marcory,2.0
38,42,5.341941,-4.0590673,Detente Hotel 2*,4.5
39,43,6.8204386,-5.2795421,Hotel la Residence,3.0
40,44,5.7943758,-6.5940532,Hote Ivoire,2.0
41,45,7.7142938,-5.0441884,Hotel de l'Air,2.0
42,46,7.4538784,-4.3359799,Zenith Hotel,2.0
43,47,7.0580641,-3.9784607,Hotel La Paix de Daoukro,2.0
44,48,5.2589606,-3.936407,"Radisson Blu Hotel, Abidjan Airport",2.0
45,49,5.28625,-3.9737998,Hotel Didi,2.0
46,50,5.2795739,-3.9722117,Hotel Ken'Ti,2.0
47,51,5.3559886,-4.0019029,Fondation Donwahi pour l'Art Contemporain,4.5
48,52,5.3262201,-4.0199524,Hotel Tiama,4.5
49,54,7.3982466,-7.5490752,Hotel de l'Ouest,2.0
50,55,7.6696412,-5.0669471,Hotel Regina,2.0
51,56,5.326457,-4.0047983,Sofitel Abidjan Hotel Ivoire,4.5
52,57,5.2027457,-3.7365448,Afrikland Hotel,2.0
53,58,5.1959051,-3.7433249,Assoyam Beach,2.0
54,59,5.195136,-3.7382754,Hotel Koral Beach,2.0
55,60,5.1955259,-3.7407528,La Madrague,2.0
56,61,5.1966715,-3.738047,Hotel de France,2.0
57,62,5.1962845,-3.7379571,Koral Beach Annexes,2.0
58,63,5.1955695,-3.7411112,La Playa,2.0
59,64,5.1947846,-3.7377027,Etoile du Sud,2.0
60,65,5.1943403,-3.7327055,La Commanderie,2.0
61,66,5.1937746,-3.7326712,La Paillote,2.0
62,67,5.1945383,-3.7356128,Le Wharf,2.0
63,68,8.0414139,-2.7977032,Radio la voie du Zanzan,2.0
64,69,6.1525444,-5.9481155,Hotel du LAC,3.0
65,70,6.1467667,-5.9487909,Hotel Hiram,3.0
66,71,6.8027431,-5.2508016,Hotel President,3.0
67,73,6.9738965,-5.7253723,Hotel Nazie,3.0
68,74,5.1542057,-3.4082045,Coucoue Lodge,2.0
69,75,5.1545474,-3.4096514,Les Marines de Babihana,2.0
70,76,7.3893164,-7.5674726,Hotel Beau Sejour,2.0
71,77,5.322153,-4.0137818,Hotel Pullman Abidjan,4.5
72,82,7.6735975,-5.0276834,Hotel Jean Mermoz,2.0
73,83,7.6626343,-5.0217932,Residence Hotel Elephant,2.0
74,84,7.6462703,-5.0325296,Hotel Le Parc,2.0
75,85,7.6840247,-5.046812,Hotel du Stade de Bouake,2.0
76,86,6.1212748,-5.9409099,Complexe hotelier le nouveau montreuil,3.0
77,87,6.1215205,-5.9406768,Complexe hotelier le NOUVEAU MONTREUIL,3.0
78,88,5.1955975,-3.7399263,La Taverne Bassamoise,2.0
79,90,5.4376265,-3.9754192,Residence Inn,2.0
80,91,5.3573557,-3.9011415,Hotel VIP,2.0
81,92,6.8304795,-5.261692,Hotel Du Centre 47 58 57 76,3.0
82,93,5.394061,-3.2092873,Auberge Akwaba,2.0
83,94,5.3390541,-3.9773259,Capitol Hotel,2.0
84,95,5.3239177,-4.0183229,Mövenpick Hotel Abidjan,4.5
85,96,5.3192231,-4.0188771,Seen Hotel Abidjan Plateau,4.5
86,97,5.8728605,-7.4559793,Auberge Beau Sejour,2.0
87,98,5.4748328,-3.2173522,Le Rocher,2.0
88,99,5.3734924,-3.9926924,Villa Mia,2.0
89,100,7.6827019,-5.574485,Hotel,2.0
90,101,7.677393,-5.5789646,Hotel Amani 07 87 50 76,2.0
91,102,9.0654884,-5.7707118,Hotel Duko,2.0
92,103,6.1071657,-3.8570824,Muguet,2.0
93,104,5.1931292,-3.6842019,Lecanal Hotel,2.0
94,105,5.3135382,-4.088964,Akwaba Yopougon,4.5
95,106,5.3214874,-4.0878743,Timotel,4.5
96,107,5.3196914,-4.0863086,Palauh,4.5
97,108,5.4034033,-3.9803947,Hotel Residence Koriet,2.0
98,109,4.9568843,-6.0801301,Hotel la cotiere,2.0
99,110,4.9491678,-6.081608,La Terrasse,2.0
100,111,5.1966201,-3.7471101,Hotel Le Tereso,2.0
101,112,5.3629739,-3.9961509,Residence Les Cascades,2.0
102,113,5.3571681,-3.9893606,Residence Ohinene,2.0
103,114,9.5056518,-7.573134,Hotel Frontiere,2.0
104,115,5.3386481,-4.0650839,Complexe Hotelier,4.5
105,116,4.6573088,-6.920605,Hotel Le Katoum,2.0
106,117,5.2753518,-3.9816737,Hotel Le Wafou,2.0
107,118,4.7492429,-6.6311201,Hotels (economy),2.0
108,119,4.7304341,-6.62845,Hotel standing,2.0
109,120,7.4060246,-7.5442071,Hotel des Cascades,2.0
110,121,5.3705095,-3.9800376,Residence Mamikan,2.0
111,122,7.6823678,-5.0374567,Le Becely,2.0
112,123,5.2945235,-3.9771751,Hotel Hibiscus,2.0
113,124,5.2833805,-3.9840676,Hotel La Nouvelle Pergola,2.0
114,125,5.3160377,-4.0164986,Hotel Novotel Abidjan,4.5
115,126,5.2574373,-3.937454,Onomo Hotel Abidjan Airport,2.0
116,127,7.6914718,-4.9979987,Hotel Mon Afrik,2.0
117,128,7.6803227,-5.0267184,Hotel du Centre,2.0
118,129,9.9754753,-5.1571979,HOTEL DU NORD,2.0
119,130,5.3476407,-4.0361904,Hotel Nadie,4.5
120,131,5.3063713,-3.9766542,Hotel Alagon,2.0
121,132,5.345746,-4.0727166,Asthoria Palace,4.5
122,133,5.3059825,-3.9857341,Hotel KonanKro,2.0
123,134,5.3618881,-4.003525,Residence Hotel La Grace,4.5
124,135,5.3982888,-3.9935739,La rose blanche,2.0
125,136,5.2977901,-3.9565278,Hotel Candy Village,2.0
126,137,5.3353439,-3.9945284,Hotel Horizon,2.0
127,138,5.3614693,-3.9890994,Hotel Le Riyo,2.0
128,139,7.6813649,-5.0295659,Hotel Phenicia,2.0
129,140,5.3899382,-3.988557,Residence Hotel Bergemady,2.0
130,141,7.7167001,-4.9992441,Hotel N'Zelibessai,2.0
131,142,5.3071896,-3.9493052,Hotel Exellence,2.0
132,143,9.5880026,-4.3129903,Kafolo safari Lodge,2.0
133,144,5.3735136,-3.9927732,Villa Mia,2.0
134,145,5.3971064,-4.0065716,Hotel Venusia,4.5
135,146,5.34967,-4.0175127,Hotel du nord,4.5
136,147,5.2745785,-4.0871948,Eden City,4.5
137,148,5.3046605,-4.008724,Treichotel,4.5
138,149,5.3478594,-4.0224404,Hotel Banfora,4.5
139,150,5.2180549,-3.7692061,Madou & Djalai,2.0
140,151,7.6908713,-5.0281885,Hotel Mamianou,2.0
141,152,5.3455575,-4.0682891,Birango,4.5
142,153,5.3054188,-3.9514187,temson,2.0
143,154,6.8134814,-5.263782,Hotel Atego,3.0
144,155,6.8214671,-5.2516377,Residence Harmonie,3.0
145,156,6.8234364,-5.2558163,Hotel Assandy,3.0
146,157,6.833088,-5.2599598,Hotel Fondy,3.0
147,158,6.8234363,-5.2558165,Hotel Assandy,3.0
148,160,5.2871746,-3.9706887,Freeman Hotel,2.0
149,161,7.4053996,-7.54593,Hotel CAA,2.0
150,162,5.4179267,-3.9820306,Hotel Aladje,2.0
151,164,6.8350465,-5.2595605,Hotel le refuge,3.0
152,165,6.8048034,-5.2448602,Residence Berah,3.0
153,166,5.4127618,-4.0156942,Hotel Anador,4.5
154,167,5.3140018,-3.9463413,Hotel Village Krokrom,2.0
155,168,5.2393504,-3.6190494,Ore Luxe Hotel,2.0
156,169,5.2407191,-3.6179947,Auberge N'Zassa,2.0
157,170,6.8162562,-5.2460362,Hotel Belihai,3.0
158,171,5.2457187,-4.9922504,Hotel Sphinx,4.5
159,172,5.3122886,-3.9342802,Hotel Residence Lagunaire,2.0
160,173,5.3454137,-4.0890454,Residence Hotel Georges Colette,4.5
161,174,5.2709588,-3.9769975,Le Marlin Bleu,2.0
162,175,5.3941902,-3.9803702,Residence Dippoka,2.0
163,177,5.3818301,-3.999239,Residence Eden Park,2.0
164,178,4.7213427,-6.6513686,Ancien hotel Balmer,2.0
165,179,4.728687,-6.6317837,Hotel les Jardins d'Ivoire,2.0
166,180,5.2029196,-3.7356622,Royal Hotel,2.0
167,181,7.6853971,-5.0585649,Hotel Lafikpa,2.0
168,182,5.2642285,-4.0783235,Coconut Grove Lodge,4.5
169,183,5.2217348,-3.7378279,Foyer Hotel Infinity,2.0
170,184,5.218667,-3.7311538,Hotel Jubile,2.0
171,185,5.2190018,-3.7438891,Hotel Manou & Jo,2.0
172,186,5.2119688,-3.7440067,Auberge du compte,2.0
173,187,7.6942401,-5.0522822,Hotel Le Paradis,2.0
174,188,5.2128434,-3.74081,Mantchan Hotel,2.0
175,189,5.3335507,-4.024175,Musee des Civilisations de Cote d’Ivoire,4.5
176,190,5.3472591,-4.0502687,Katchana,4.5
177,191,6.7224549,-3.4974147,Relief,2.0
178,192,5.3638074,-3.9599118,Residences Plein Sud,2.0
179,193,9.4560152,-5.6332021,Hotel Mont Korhogo,2.0
180,194,6.8113213,-5.2328369,HP Resort,3.0
181,195,5.1961559,-3.7312931,Residence Boursault,2.0
182,196,5.1965544,-3.7461582,La Bonne Fourchette,2.0
183,197,5.1971815,-3.7517097,West Beach - Restaurant,2.0
184,198,5.1983329,-3.7580801,Saint Cyr,2.0
185,199,5.1964331,-3.7453978,Auberge les 3 cocotiers Pv,2.0
186,200,5.1985063,-3.7590532,Mahaba la cour des grands,2.0
187,201,5.1964101,-3.7451142,Boblin la Mer,2.0
188,202,5.1965414,-3.7464961,Capricio,2.0
189,203,5.1960836,-3.7422341,Paradis Tropical,2.0
190,204,5.196525,-3.74578,Drogba Beach,2.0
191,205,5.1968794,-3.7496631,Le Binguiste,2.0
192,206,5.1961359,-3.7369216,Musee National du Costume,2.0
193,207,5.2169108,-3.7530762,Hotel La Capitale,2.0
194,208,5.2096874,-3.7515079,Clos fleuris,2.0
195,209,5.2215675,-3.7334788,Hotel Palmier Bassam,2.0
196,210,5.2120959,-3.7369204,Hotel 3G,2.0
197,211,5.2994245,-3.986458,Azalai Hotel Abidjan,2.0
198,212,9.0684526,-5.162413,Hotel Soba,2.0
199,213,6.7792864,-5.2783379,Hotel Le Citadin,3.0
200,214,5.226014,-3.7676543,Residence Hotel Kelso,2.0
201,215,5.2134661,-3.7498504,Hotel St JO,2.0
202,216,5.2203863,-3.7619903,Nieba Hotel,2.0
203,217,5.3580335,-3.8842136,Hotel Bakoua,2.0
204,218,6.7385234,-3.4969827,Hotel Indenie,2.0
205,219,6.725164,-3.5045231,Le Royaume,2.0
206,220,5.3607567,-3.9890392,Hotel La Licorne,2.0
207,221,5.3386034,-4.0190969,Hotel Ivotel Indenie,4.5
208,223,9.4400765,-5.632812,Hotel Residence SEMA,2.0
209,224,9.4400557,-5.6292553,Hotel le Meridien Wena,2.0
210,225,5.3821918,-3.9983595,Residence Emlys Hotel,2.0
211,226,9.437735,-5.628325,Hotel le missionnaire,2.0
212,227,5.3625083,-3.9787849,Manhattan Suites,2.0
213,228,5.158822,-3.4656868,L'Ocean,2.0
214,229,5.3417993,-4.0526996,Hotel A7,4.5
215,230,5.2903699,-3.9948034,Hotel Quai 40,2.0
216,231,7.4168385,-7.5633343,Hotel Zotah,2.0
217,232,5.2039455,-4.4069778,Casa Africa,4.5
218,233,7.4026737,-7.5588094,Golou Marie,2.0
219,234,7.4117517,-7.5663964,Hotel Les Residences,2.0
220,236,4.4217467,-7.3591827,hotel le rochet,2.0
221,239,7.391766,-7.5502433,Hotel la Cachette,2.0
222,240,5.37736,-3.9899865,Residence Bada,2.0
223,241,5.2467948,-4.4178619,Presqu'ile du Christ,4.5
224,242,6.8795355,-6.4745723,Hotel Bogne,2.5
225,243,6.849514,-5.2481671,Auberge inn,3.0
226,244,6.8492318,-5.2485228,Auberge,3.0
227,245,4.7332606,-6.6253694,Palme rock bich,2.0
228,246,5.3232406,-4.0543722,Hotel Obama,4.5
229,249,5.3244512,-4.0624091,Hotel Lagunaire,4.5
230,250,5.3262602,-4.0564873,Hotel de la Cite,4.5
231,251,5.3240934,-4.0187632,Ivotel,4.5
232,252,7.4088186,-7.5523377,Hotel Leveneur,2.0
233,253,7.6832614,-5.0395885,Complexe Le Gbeke,2.0
234,254,7.6796343,-5.0259814,Hotel Lewi,2.0
235,255,7.6792224,-5.024964,Hotel de l'Art,2.0
236,256,7.6793056,-5.0264244,Hotel Printemps Bouake,2.0
237,257,6.8353613,-5.2610132,echotel Akraya,3.0
238,258,5.2744943,-3.5868763,Aliekro Hotel,2.0
239,259,7.684681,-5.0228526,Hotel Arc-En-Ciel,2.0
240,260,7.7136863,-5.0420623,Hotel le Parcours,2.0
241,261,6.7790551,-5.2759924,Hotel le bouke,3.0
242,262,5.3765766,-3.9954414,Residence Limaniya 2pltx,2.0
243,263,8.1406007,-5.1025236,Hotel Hambol,2.0
244,264,7.6821205,-5.0391537,Tropic Hotel,2.0
245,265,5.3198809,-4.0618353,Hotel Saizebo,4.5
246,266,7.6745763,-5.0267087,Hotel Prince,2.0
247,267,7.6709219,-5.0237132,La villa la residence maquis,2.0
248,268,5.3272516,-4.0051069,Hotel Ivoire,4.5
249,270,7.6933239,-5.0613403,Auberge du municipal,2.0
250,271,6.80216,-5.24499,Hotel Residence AHO,3.0
251,272,6.8087712,-5.2708393,Les Confidences,3.0
252,273,6.7386049,-7.3438494,Hotel La Palace,2.0
253,274,6.7371771,-7.3443402,Ivoire,2.0
254,275,5.3433233,-4.0696505,Choquant,4.5
255,276,6.7451845,-7.3462242,Hotel Taouli 2,2.0
256,277,6.7465199,-7.3408051,Hotel Gueassmont,2.0
257,278,6.7389305,-7.3443583,Vinea,2.0
258,279,5.4375255,-4.0271089,Hotel Le Palais,4.5
259,280,5.3436532,-4.0709133,Miel Hotel,4.5
260,281,5.4480131,-4.0116671,Hotel Le Parrain,4.5
261,282,5.430704,-4.0238393,Hotel La Paix,4.5
262,283,5.3975512,-4.0072538,Hotel La villegiature,4.5
263,284,6.7849752,-5.2401338,Hotel Holidays,3.0
264,285,5.3784325,-3.99317,Residence Manzan,2.0
265,286,6.1076167,-5.9273811,Hotel Le Flamboyant,3.0
266,287,4.7690017,-6.6531467,Hotel Rimax,2.0
267,288,5.2142,-4.2854167,Baie des romances,4.5
268,289,5.2914044,-4.2452961,Songon Park,4.5
269,290,6.1281992,-5.9414402,Hotel Mirador,3.0
270,291,9.4363269,-5.6275776,Hotel Belle cote,2.0
271,292,5.3820513,-3.9867238,Conciergerie Hotels Achenbach,2.0
272,293,5.3310736,-4.113475,Hotel Ocean,4.5
273,294,6.8897272,-6.4362799,Hotel la grace,2.5
274,295,8.0469791,-2.8023216,The Address,2.0
275,296,5.3342941,-4.0740101,Hotel La Cachette,4.5
276,297,7.6593303,-5.0195498,Hotel Aho,2.0
277,298,5.373265,-3.98945,Les Vallons,2.0
278,299,6.6412761,-4.1918901,Hotel Premium,2.0
279,300,6.6451833,-4.7045067,Auberge,2.0
280,301,6.6566733,-4.7131583,Berenice,2.0
281,302,6.6477796,-4.7077431,Le jardin d'EDEN,2.0
282,303,6.9983629,-5.7561072,Complexe Hotelier le Pacifique de Bouafle,3.0
283,304,6.8189398,-5.2570753,Royal Hotel,3.0
284,305,5.161812,-3.4821289,Coki Plage,2.0
285,306,5.1614541,-3.4769375,Le Cyclope Surfcamp,2.0
286,307,5.1604105,-3.4744044,Rip Curl,2.0
287,308,5.1602731,-3.4736879,Le Jardin d'Eden,2.0
288,309,6.9796547,-5.7530135,Arc-en-ciel,3.0
289,310,4.722864,-6.6442711,Hotel Maria,2.0
290,311,8.0447245,-6.1883543,Cajoux,2.0
291,312,9.5170487,-6.4710443,Iman's Hotel,2.0
292,313,9.4301767,-5.620453,Olympe,2.0
293,314,5.3099674,-3.9890855,Hotel ile Maurice,2.0
294,315,9.5007418,-5.2799763,sucaf hotel,2.0
295,316,9.594515,-5.1916741,Ferke Hotel Iroko,2.0
296,317,9.5071364,-5.2764836,Hotel Sucaf,2.0
297,318,9.5043637,-5.2773337,Hotel Sucaf,2.0
298,319,5.9440218,-4.197624,Nella,4.5
299,320,5.9156917,-4.2123133,Le prestige,4.5
300,321,7.0659591,-4.5000041,L'auberge,2.0
301,322,6.1195483,-3.8556733,Sekedess,2.0
302,323,5.3828238,-3.9823063,Hotel Residence Le Vaisseau,2.0
303,324,4.6447534,-6.9170489,Hotel La Baie des Sirenes,2.0
304,325,4.7359062,-6.6319332,Hotel Belvedere,2.0
305,326,4.7280787,-6.6342337,Degny Plage Hotel,2.0
306,327,4.7780777,-6.6489044,Hotel de la Paix,2.0
307,328,6.82154,-5.2750983,Hotel le Dauphin,3.0
308,329,5.1551507,-3.4119037,Zion Hotel,2.0
309,330,5.1508517,-3.368655,Villa blanca,2.0
310,331,6.1211483,-5.9410134,Hotel le nouveau montreuil,3.0
311,332,6.1264497,-5.9414772,Hotel le nouveau fromager,3.0
312,333,6.8062961,-5.2493258,Hotel La Reserve,3.0
313,334,6.7883159,-5.2784286,Grace Hotel,3.0
314,335,5.4635771,-3.213595,Les beatitudes,2.0
315,336,5.385705,-3.97712,Hotel saphir,2.0
316,337,4.9493748,-6.0833826,Hotel Le Pollet,2.0
317,338,5.3312567,-4.060505,Hotel Memi,4.5
318,339,5.3300129,-4.0600869,Hotel Les Papillons,4.5
319,341,5.2147746,-3.763976,Coconut’s City Lodge,2.0
320,342,6.2440917,-7.0165517,Hotel Buyo,2.0
321,343,5.3175004,-4.0961861,Hôtel Saphir,4.5
322,344,5.404875,-4.0059644,Zenith,4.5
323,345,6.571305,-8.0022433,AMAHOULE,2.0
324,346,5.2448754,-3.8951452,Littoral,2.0
325,347,5.3436433,-4.047705,Chez Priscille,4.5
326,348,5.3680634,-3.9888936,Hotel des jardins,2.0
327,349,8.1317539,-5.0912147,Parawelly hotel,2.0
328,350,5.3272834,-3.9191583,Palma hotel,2.0
329,351,7.716366,-5.0452821,Reoboth,2.0
330,352,4.75143,-6.63039,Hotel de Vinci,2.0
331,353,5.3462859,-4.0034024,Galerie Cecile Fakhoury,4.5
332,354,7.6618929,-5.0207619,Hotel Le Byblos,2.0
333,356,5.4032457,-6.5523995,Hotel Kato 2,2.0
334,357,5.3113611,-4.1076456,Hotel Grand roi,4.5
335,358,6.8672908,-5.2885928,Plada Hotel,3.0
336,359,4.5998271,-6.9827744,Chez Jojo - Plage Meneke,2.0
337,360,6.8148006,-5.2639996,Le Planteur,3.0
338,361,5.2724367,-3.969782,Hotel Le Marly,2.0
339,362,6.5526017,-5.0238332,Le rocher toumodi,3.0
340,363,9.4593583,-5.6239117,CHIGATA,2.0
341,364,5.2603071,-3.6113763,Residence Hotel Nirala bonoua,2.0
342,365,5.343838,-4.0712902,2 poteaux,4.5
343,366,5.3443454,-4.0716657,Les sudios,4.5
344,367,5.3409351,-4.0663469,Bongoh,4.5
345,368,5.3410139,-4.0659606,Pac Hotel,4.5
346,369,7.426635,-6.0404267,Hotel le Prestige,2.5
347,370,7.6482767,-5.026275,Hotel Cauris d'Or,2.0
348,371,5.2075172,-3.7998971,La Maison de La Lagune,2.0
349,372,5.9483912,-4.1927626,Hotel Bassame,4.5
350,373,5.3374524,-3.9777087,H Aurel,2.0
351,374,5.3869783,-3.9830056,Le chalet,2.0
352,375,4.7446722,-6.6327103,Hotel Atlantic,2.0
353,376,5.3385503,-4.0636808,Hotel Massa,4.5
354,377,5.388942,-7.253002,Ecotel Tourago,2.0
355,378,7.6787234,-5.0262402,Complexe Gbeke II,2.0
356,379,7.7036259,-5.0279329,Hotel Entente,2.0
357,380,7.7023112,-5.0465479,Nan Faya,2.0
358,381,7.2615817,-8.149866,Les Frontieres,2.0
359,382,7.262178,-8.1498367,Bonheur,2.0
360,383,5.3623976,-3.9550982,Cypa,2.0
361,384,5.8203885,-5.3498713,Complexe Hoteliere Ixora,3.0
362,385,5.1851123,-3.1824189,Hotel d'Akounougbe,2.0
363,386,7.7009637,-5.0479714,Hotel Fondi,2.0
364,387,7.7108549,-5.0486786,La Roseraie des Tecks,2.0
365,388,7.6766028,-5.0388138,Hotel Nannan,2.0
366,389,7.6782546,-5.0379969,Les Flamboyants,2.0
367,390,7.6819895,-5.0365815,Residence Kaha,2.0
368,391,7.6796332,-5.0407864,Hotel Belle Savane,2.0
369,392,7.67861,-5.0424555,Ti'Ntia Hotel,2.0
370,393,7.6745085,-5.0432165,Hotel La Vallee,2.0
371,394,7.0560178,-3.970159,Hotel BEKANTI,2.0
372,395,7.7102302,-5.0030051,Hotel Mohamed-V,2.0
373,397,7.6913702,-5.0383271,Hotel La Passade,2.0
374,398,4.7761029,-6.6481897,Hotel Bongouanou,2.0
375,399,5.892592,-4.8288669,Le Barracuda,4.5
376,400,7.0548331,-3.9701596,Hotel asseni,2.0
377,401,7.0562176,-3.9707828,ASSENA,2.0
378,402,6.0891064,-4.6421638,N TARe,2.0
379,403,5.46734,-3.2087317,Bemoso,2.0
380,404,6.8354306,-5.2592218,Horizon,3.0
381,410,7.6746715,-5.061514,Hotel Sielike Bouake,2.0
382,411,5.3184907,-4.3791165,Akparo,4.5
383,412,5.3018742,-3.9523965,Chez Maryse,2.0
384,413,6.8065516,-5.2587261,Hotel le Rochet,3.0
385,414,6.8901402,-6.4348525,emergence Hotel,2.5
386,415,5.357026,-3.9734136,Hotel Emmanuel,2.0
387,416,7.6801476,-5.0220287,Aklomianbla,2.0
388,417,7.682431,-5.0242697,Hotel du Commerce,2.0
389,418,7.6774363,-5.0467291,Hotel Pacifique,2.0
390,419,7.6774496,-5.0439101,Residence Alafia,2.0
391,420,7.6641453,-5.0287597,complexe Hotelier Curtina,2.0
392,421,7.6682775,-5.027487,Hotel la Grace,2.0
393,422,7.6805503,-5.0478946,Hotel Mohoussou,2.0
394,423,5.2059057,-4.4050282,Chambre des Hotes L'Immaculee,4.5
395,424,5.2059454,-4.4044362,Dream Hotel,4.5
396,425,7.6716574,-5.0186092,Hotel Sikemi,2.0
397,426,5.3478049,-4.0206982,Hotel Kpin-Min,4.5
398,427,4.9158767,-6.1483336,Chez Jules,2.0
399,428,4.6012278,-6.9822412,LE KARA KROU   ecolodge Resto Bar,2.0
400,429,4.6013545,-6.9823911,Le Kara Krou chez Gus eCOLODGE RESTO BAR,2.0
401,430,4.7492719,-6.630365,Hotel Matignon,2.0
402,431,4.749727,-6.6304337,SAMHOTEL,2.0
403,432,4.7514744,-6.6327623,Hotel Le Campement,2.0
404,433,4.7474929,-6.6311596,Hotel Hacienda,2.0
405,434,4.7514115,-6.6294725,Hotel Esperance,2.0
406,435,4.7505535,-6.6289575,Hotel le Relais,2.0
407,436,4.7486156,-6.630414,Hotel Elephanteaux,2.0
408,437,4.7487252,-6.6302879,Hotel Poro,2.0
409,438,4.7512785,-6.6284826,Hotel Kahoty,2.0
410,439,4.7316806,-6.627253,Hotel Sofia,2.0
411,440,4.7229302,-6.641006,Bigot Ivoire Hotel,2.0
412,441,4.7242962,-6.6414097,Nahoui Hotel Balmer,2.0
413,442,4.7236159,-6.6453847,Hotel Ixora,2.0
414,443,4.730876,-6.6285338,Hotel Cannelle,2.0
415,444,4.728378,-6.6330224,Hotel Enotel plage,2.0
416,445,4.749642,-6.6280013,Hotel les Rossiers,2.0
417,446,4.7471294,-6.6310778,Hotel Cannelle,2.0
418,447,4.7504867,-6.6337037,Hotel Mabea,2.0
419,448,4.7760795,-6.6455953,Hotel la Tolerance,2.0
420,449,4.7659912,-6.646294,Hotel Hekpan,2.0
421,450,4.7626059,-6.646239,Hotel les freres unis,2.0
422,451,4.7769274,-6.6694857,Hotel Vamy,2.0
423,452,4.7424476,-6.6449194,Hotel Famien,2.0
424,453,4.771035,-6.6705566,Hotel Elite,2.0
425,454,4.7717841,-6.6706263,Complexe Hotelier Sebroko,2.0
426,455,4.7708036,-6.6506435,Hotel Etizan,2.0
427,456,4.777082,-6.6497194,Goua Waza Hotel,2.0
428,457,4.7623801,-6.6671562,Tizra,2.0
429,458,4.7650169,-6.6655697,Hotel Parfait Garden,2.0
430,459,4.7608358,-6.6613036,Ma Famille,2.0
431,460,4.7646274,-6.6453569,Hotel Bleoue,2.0
432,461,4.7837129,-6.6489603,Imperial,2.0
433,462,4.7580606,-6.6649823,Hotel Manou,2.0
434,463,4.7425639,-6.6394369,Hotel le Dauphin,2.0
435,464,4.7803113,-6.6487938,Hotel Degny,2.0
436,465,4.7372405,-6.6396743,Dunamis,2.0
437,466,4.7398668,-6.6333631,Hotel Royal,2.0
438,467,4.7361506,-6.6486134,Madram Hotel,2.0
439,468,4.7383338,-6.645317,Hotel Santhoa,2.0
440,469,4.7670951,-6.6790022,Hotel Thea,2.0
441,470,4.7424743,-6.634326,HotelResidence Christy,2.0
442,471,4.7361058,-6.6470531,Hotel CAA,2.0
443,472,4.7655054,-6.6446706,Gnanzou,2.0
444,473,4.7807607,-6.648998,Hotel Ambe,2.0
445,474,4.763334,-6.6439233,Hotel Pirogue,2.0
446,475,4.756827,-6.681388,Hotel Avance,2.0
447,476,4.7460174,-6.6443561,Hotel de Fin pave,2.0
448,477,4.74709,-6.6342616,Hotel La Cite De San Pedro,2.0
449,478,4.7492678,-6.6323411,Hotel Ideal 08541498,2.0
450,479,4.7495792,-6.632205,Hotel Bahia 08123468,2.0
451,480,4.7512919,-6.6289254,Hotel Kahoti,2.0
452,481,5.355436,-3.8825499,Hotel Eucalyptus Anan,2.0
453,482,4.7679999,-6.6853067,Hotel Maquis Restaurant Ekiwa,2.0
454,483,4.7646801,-6.6784483,Hotel Bohi,2.0
455,484,4.7658455,-6.6712406,Hotel La Reference,2.0
456,485,4.7631405,-6.6777805,Hotel La Colombe,2.0
457,486,4.7627436,-6.6760437,Hotel Galo,2.0
458,487,4.7553375,-6.6509745,Hotel Plaque,2.0
459,488,4.7587114,-6.6833755,Hotel Jemat,2.0
460,489,4.7658622,-6.670049,Hotel Pacific,2.0
461,490,4.7486824,-6.6513231,Duplex,2.0
462,491,4.741198,-6.6499458,Hotel Manzan,2.0
463,492,5.7800359,-6.6080224,Hotel les Cascades Soubre,2.0
464,493,5.7828138,-6.6090636,Hotel Campement,2.0
465,494,5.7866098,-6.604296,Hotel FELIBE,2.0
466,495,5.7847912,-6.6012027,Hotel Blinan,2.0
467,496,5.7861131,-6.5971996,Hotel de L'Ouest,2.0
468,497,5.7686142,-6.6020603,Hotel la Grace de Dieu,2.0
469,498,5.7911316,-6.5900441,Hotel Enjaillement,2.0
470,499,5.7841387,-6.6031862,Gnatrowa Hotel,2.0
471,500,5.7862175,-6.5922515,Hotel Guibouo,2.0
472,501,5.7879875,-6.6055144,Hotel Hatahi,2.0
473,502,5.7867539,-6.5932956,Hotel au nom des miens,2.0
474,503,5.7917954,-6.5947051,Hotel de Refuge,2.0
475,504,5.791692,-6.5937193,Hotel Annah residence,2.0
476,505,5.7866432,-6.5872331,Hotel Baledi,2.0
477,506,5.7875624,-6.5865223,Hotel Iroko,2.0
478,507,5.7844809,-6.5991105,Hotel La Colombe,2.0
479,508,5.8035321,-6.595729,Lynd Hotel,2.0
480,509,5.7867719,-6.5994098,Hotel Lagouly,2.0
481,510,5.7868666,-6.5970583,Hotel Satellite Awane,2.0
482,511,5.7984533,-6.593083,Hotel Gnapo-Sery,2.0
483,512,5.8024247,-6.591184,Hotel Bristol,2.0
484,513,5.8024847,-6.5886627,Hotel Medjha,2.0
485,514,5.7886316,-6.6113501,Hotel Mognissan,2.0
486,515,5.7952091,-6.5962788,Hotel Anouanze,2.0
487,516,5.7901883,-6.6026109,Hotel Sainte Emmanuelle,2.0
488,517,5.8028463,-6.5986432,Phenix Hotel,2.0
489,518,5.7894171,-6.6022991,Hotel Damo,2.0
490,519,5.7783019,-6.5907877,Nemele Hotel,2.0
491,520,5.7794674,-6.5898201,Hotel Zacan,2.0
492,522,9.2738573,-3.0000971,Hotel elephant  Bouna,2.0
493,523,6.8112907,-5.2603025,Chez Georges ( Hollywood),3.0
494,524,5.3434401,-4.0586758,Hotel la Colombe,4.5
495,525,5.3542384,-4.078048,Hotel Achille Alfred,4.5
496,526,5.3532423,-4.0758855,Hotel,4.5
497,527,5.3469038,-4.0565427,Hotel Residence le Paysan,4.5
498,528,5.3671785,-4.0002757,Hotel bar restaurant oriental,4.5
499,529,5.3413771,-4.0707618,Djolo,4.5
500,530,5.3424981,-4.0695065,Le Petit Coin Du Zatro,4.5
501,532,5.3532016,-4.0760364,Hotel,4.5
502,533,5.3411594,-4.0691096,Hotel Canal,4.5
503,534,5.3467732,-4.0712895,Hotel Operako,4.5
504,535,5.3475995,-4.0718266,Hotel,4.5
505,536,5.3481393,-4.0762245,Hotel Helas,4.5
506,537,5.3494642,-4.0776403,Hotel le Pacific,4.5
507,538,5.3496982,-4.07795,Hotel Kougbassa,4.5
508,539,5.3413664,-4.069127,Navire Ivoire,4.5
509,540,5.3547838,-4.0628587,Zransah Hotel,4.5
510,541,5.3517655,-4.0654497,Hotel Concorde,4.5
511,542,5.3434388,-4.0597312,Hotel Kess,4.5
512,543,5.3690008,-4.0082127,Hotel,4.5
513,544,5.3603652,-4.0826118,Hotel Le Majestique,4.5
514,545,5.3622071,-4.0810373,Hotel Bristol,4.5
515,546,5.3398148,-4.0844719,Hotel Assam,4.5
516,547,5.3472136,-4.063719,Hotel Ma Residence,4.5
517,548,5.3452921,-4.0791055,Hotel La vie,4.5
518,550,5.3589011,-4.0728378,Hotel Aman Allaa,4.5
519,551,5.3391231,-4.0739456,Hotel,4.5
520,552,5.3464024,-4.0679757,Hotel Residence,4.5
521,553,5.3750146,-4.0953013,Hotel,4.5
522,554,5.3490542,-4.0673111,Hotel Sanwoussi,4.5
523,555,5.3809829,-4.0960537,Hotel Papillon,4.5
524,556,5.3797959,-4.0970702,Hotel,4.5
525,557,5.386096,-4.0943284,Hotel Bananeraie,4.5
526,558,5.3678298,-4.0792919,Complexe Hotelier Le Ruby,4.5
527,559,5.3673584,-4.0797204,Hotel Jimmy,4.5
528,560,5.3661367,-4.080065,Hotel Le Dredo,4.5
529,561,5.38131,-4.0923885,Hotel Marahoue,4.5
530,562,5.3742749,-4.0046574,Hotel le Flani,4.5
531,563,5.3459371,-4.0830812,Hotel le Dynamique,4.5
532,564,5.3375155,-4.0977743,Hoteli Iris,4.5
533,565,5.3397027,-4.0956554,Hotel Kimi,4.5
534,566,5.3324333,-4.0971983,Hotel Ayomibie,4.5
535,567,5.3317323,-4.0982518,Hotel Manfla,4.5
536,568,5.3749812,-4.095306,Hotel Atamal,4.5
537,569,5.3361328,-4.0674875,Bel'Vie,4.5
538,570,5.3419433,-4.0998557,Hotel le natal,4.5
539,571,5.3394556,-4.0665152,Senat,4.5
540,572,5.35167,-4.1003667,Hotel coumai,4.5
541,573,5.3754018,-4.0997826,Hotel Sarra,4.5
542,574,5.347761,-4.1037288,Hotel Paradisiaque Bosia,4.5
543,575,5.3437048,-4.1053646,Hotel Le Granite,4.5
544,576,5.3426142,-4.0817515,Hotel,4.5
545,577,5.3325301,-4.0552204,Gloris Hotel,4.5
546,578,5.3662702,-4.0013583,Hotel Les Rosiers,4.5
547,579,5.3518156,-4.1029906,Hotel marathon,4.5
548,580,5.3504529,-4.1034284,Hotel residence kwagniss,4.5
549,581,5.3409338,-4.0954649,Hotel le Beau Sejour,4.5
550,582,5.3438173,-4.0949017,Hotel BB,4.5
551,583,5.3375742,-4.1160046,Hotel Moris,4.5
552,584,5.3428779,-4.1104424,Hotel le Concept,4.5
553,585,5.3440623,-4.1107482,Hotel,4.5
554,586,5.3648869,-4.0953644,Hotel la Rose Blanche,4.5
555,587,5.3419766,-4.0992918,Wash Hotel,4.5
556,588,5.3460285,-4.1044115,Hotel Akane,4.5
557,589,5.336279,-4.1011405,Hotel Mandou,4.5
558,590,5.4423674,-4.0634085,Hotel le tresor,4.5
559,591,5.4364323,-4.0314741,Hotel la consolatrice,4.5
560,592,5.4316401,-4.0376452,Hotel Faiblezy,4.5
561,593,5.4293671,-4.04663,Hotel Ma Joie,4.5
562,594,5.4300387,-4.0381555,Complexe Hotel APASSA,4.5
563,595,5.4258251,-4.0322788,Hotel FREZAM 2,4.5
564,596,5.4249426,-4.0504468,Centre De Sante El Bethel,4.5
565,597,5.4282456,-4.0424766,Hotel Amandjou,4.5
566,598,5.4492589,-4.0520695,Hotel Sheva,4.5
567,599,5.4323557,-4.0301988,Hotel Kayeli,4.5
568,600,5.4463422,-4.0532574,Hotel Albert Le Grand,4.5
569,601,5.4481401,-4.0517899,Hotel Djongo,4.5
570,602,5.2993992,-3.9526936,Hotel NESHRE,2.0
571,603,5.4331988,-4.0290883,Hotel la chambre des hotes,4.5
572,604,5.4387333,-4.0698626,Hotel Grand Theo,4.5
573,605,5.2999573,-3.9563842,Auberge,2.0
574,606,5.4302509,-4.0851874,Hotel Palmeraie,4.5
575,607,5.4424308,-4.0780735,Hotel Deluxe,4.5
576,608,5.448534,-4.0687716,Hotel Le Bonheur,4.5
577,609,5.4448372,-4.0527307,Hotel Akwaba,4.5
578,610,5.4451049,-4.0580066,Hotel Harmonie,4.5
579,611,5.446175,-4.0568458,Hotel ID,4.5
580,612,5.4446423,-4.0717006,Hotel Point Final,4.5
581,613,5.4433547,-4.071775,Hotel,4.5
582,614,5.4510485,-4.071549,Hotel Le Banquier,4.5
583,615,5.4349534,-4.028745,Hotel Le Saphir,4.5
584,616,5.4363456,-4.0546913,Hotel Mon Reve,4.5
585,617,5.4303649,-4.024324,Hotel Sikewa,4.5
586,618,5.2907759,-3.9550003,Hotel la Citadelle,2.0
587,619,5.4544956,-4.0474615,Hotel Nova,4.5
588,620,5.2909748,-3.9563891,Hotel Bar Restaurant le Ahaly,2.0
589,621,5.435387,-4.0305444,Hotel au petit Paradis,4.5
590,622,6.5766353,-8.4121808,Hotel Le Pharaon,2.0
591,623,6.73002,-7.3370287,hotel seneve,2.0
592,624,5.4712046,-3.1994494,Hotel le Bomoi,2.0
593,625,5.4722607,-3.1997833,Hotel les 4 palmiers,2.0
594,626,5.3066845,-3.9484578,Hotel Granite,2.0
595,627,5.2075954,-3.2059712,Hotel N'da assohou,2.0
596,628,5.4321299,-4.0119688,Hotel Delice,4.5
597,629,5.1506304,-3.1246105,Hotel maquis bar,2.0
598,630,5.2075954,-3.2059712,Hotel n'da assohou,2.0
599,631,5.2886292,-3.5942728,Nouvelle maison Bonoua,2.0
600,632,9.1581561,-4.6006539,L’auberge de Kong,2.0
601,633,5.3047199,-3.9845033,Hotel Pousada,2.0
602,634,5.3015219,-4.0135722,Hotel Terminus,4.5
603,635,6.8958808,-6.4402223,Maison blanche,2.5
604,636,5.2028856,-4.4077051,Complexe hotelier Grand Roi,4.5
605,637,5.3687605,-3.962485,Residence hotel Badjo,2.0
606,639,5.2028738,-4.4074624,Hotel le Grand Roi,4.5
607,640,9.6082663,-3.6589227,Hotel Nokii Pire,2.0
608,641,5.1582736,-3.4638138,O sole mio right position,2.0
609,642,5.1324291,-3.2918102,Amika,2.0
610,643,6.5395012,-7.4976587,Hotel fais play 2,2.0
611,644,5.1348127,-3.2875079,Cool Mafia,2.0
612,645,5.1576246,-3.4234783,Climbie d'Assinie,2.0
613,646,5.3679286,-3.9895888,Hotel Les Jardins,2.0
614,647,5.366604,-3.989578,Restaurant & Hotel Champagne,2.0
615,648,6.1186743,-5.9401052,La belle etoile,3.0
616,649,7.0496519,-3.9794348,HoTEL ABRY,2.0
617,650,5.3641913,-3.9544163,Hotel Mirabel,2.0
618,651,5.3641913,-3.9544163,Hotel mirabel,2.0
619,652,5.9301991,-4.2162887,Complexe Hotelier Ofotel,4.5
620,653,6.5425875,-7.4986556,Class' Hotel,2.0
621,654,6.5465029,-7.4983755,Hotel Gbaoly 2,2.0
622,655,5.8963997,-4.8319909,Duvick,4.5
623,656,6.5592954,-5.0123287,Allou Hotel,3.0
624,657,4.9521213,-6.0902265,Complexe Hotelier Oule,2.0
625,658,7.0582932,-3.9741811,Tchokan hotel,2.0
626,659,5.7875008,-6.6123472,Hotel,2.0
627,660,8.0626973,-6.1906949,Hotel Paillotes,2.0
628,661,6.7402043,-7.3460031,hotel Kenneth,2.0
629,662,6.5411014,-7.492929,Sonia Hotel,2.0
630,663,8.2122694,-5.6697055,Hotel la Primature,2.0
631,664,8.950441,-6.2553387,Hotel Liberte,2.0
632,665,5.3183489,-4.1057436,Hotel Moaye,4.5
633,666,5.3045947,-4.0103615,Hotel New Yirk,4.5
634,667,6.5427789,-7.4937889,Hotel Tam-Tam Annexe,2.0
635,668,5.3012397,-3.9953346,Residence saint Martin,2.0
636,669,5.3020184,-3.9781465,Hotel Du 3eme Pont,2.0
637,670,5.3533263,-4.029862,Hotel Continental Le Bon Berger,4.5
638,671,6.7189936,-3.52072,Hotel assiny,2.0
639,672,6.7263386,-3.5088161,Hotel Goma,2.0
640,673,7.4761117,-3.2505741,Hotel bekanty,2.0
641,674,6.8802705,-6.4559282,Hotel la Labo,2.5
642,675,6.8872978,-6.4477086,Hotel la Bonne Auberge,2.5
643,676,6.8828981,-6.4494038,Roc Hotel,2.5
644,677,6.8911989,-6.4335707,Hotel Abissa,2.5
645,678,6.8889594,-6.4296225,"La Paillote, Restaurant Hotel Complexe Sportif",2.5
646,679,6.8845591,-6.4359793,Hotel St famille,2.5
647,680,6.8825133,-6.4480982,Hotel Matin Pecheur,2.5
648,681,6.8750579,-6.4432535,Hotel Syndicats,2.5
649,682,6.8934656,-6.4529724,Hotel Canaan,2.5
650,683,6.8938244,-6.4546314,Hotel Croisiere,2.5
651,684,6.9005826,-6.4541781,Hotel Royaume,2.5
652,685,6.9019939,-6.4538924,Hotel Zamacom,2.5
653,686,6.8705522,-6.4531106,Am In AT A,2.5
654,687,6.8962649,-6.4345443,Hotel CI2,2.5
655,688,6.8863791,-6.4713321,Hotel Yele,2.5
656,689,6.8967109,-6.4413987,Hotel Sonia,2.5
657,690,6.8745825,-6.4342077,Hotel Sokoura,2.5
658,691,6.8884801,-6.4731876,Hotel la Rose,2.5
659,692,6.8814289,-6.4364313,Hotel Palace,2.5
660,694,6.8904733,-6.4434949,Hotel Awaney,2.5
661,695,6.896418,-6.4386146,Hotel la maison blanche,2.5
662,696,6.8990096,-6.408997,Hotel le Paradis,2.5
663,697,6.8977215,-6.4069887,Hotel Iman,2.5
664,698,6.9000554,-6.4492415,Hotel HR,2.5
665,699,6.8965205,-6.4504391,Hotel X,2.5
666,700,6.8953982,-6.4477649,Hotel le Chateau,2.5
667,701,6.8999675,-6.4478374,Hotel Pave,2.5
668,702,6.8979704,-6.4047128,Hotel Nancy,2.5
669,703,6.8710967,-6.4361268,Hotel Royal,2.5
670,704,6.8568018,-6.4402775,Hotel Gnangnon,2.5
671,705,6.8794044,-6.4573471,La Concorde,2.5
672,706,6.8826924,-6.4597155,Hotel Blingue,2.5
673,707,6.8951851,-6.4728677,Hotel Sanwi,2.5
674,708,6.8786521,-6.4791696,Hotel de passe Soleil 2,2.5
675,709,6.8883982,-6.4622629,Hotel Espace Harmonie,2.5
676,710,6.8893988,-6.4644617,Hotel Aboussan,2.5
677,711,6.8857374,-6.4590892,Hotel Akrakro,2.5
678,712,5.3622988,-4.0809984,Hotel Bristol,4.5
679,713,5.4263582,-4.0211502,Complexe rond point,4.5
680,714,5.6416092,-4.0648539,Hotel Kilimandjaro,4.5
681,715,5.6418723,-4.0655232,Residence Berakah,4.5
682,716,8.0526026,-2.7949218,Hotel espoir,2.0
683,717,8.0481629,-2.7947221,Prestige hotel,2.0
684,718,8.0220474,-2.812133,Complexe Nafanan,2.0
685,719,8.0187934,-2.8132546,Auberge la bonne etoile,2.0
686,720,5.8389176,-5.3407348,Hotel HIAM,3.0
687,721,5.8312651,-5.3537817,Hotel Gloria Theos,3.0
688,722,6.9093537,-6.4521611,Hotel Djiboua,2.5
689,723,6.84615,-6.4477938,Hotel Horeza,2.5
690,724,6.8464682,-6.4455947,Hotel Mondesir,2.5
691,726,6.9074645,-6.454052,Hotel Watehitre,2.5
692,727,6.9046087,-6.4517829,Hotel Pacifik,2.5
693,728,6.8830825,-6.4576395,Hotel les Tropics,2.5
694,729,5.5003478,-4.0448304,Holel le Gbeto,4.5
695,730,5.5045233,-4.0462919,Adiman hotel,4.5
696,731,5.2912277,-3.9735035,Ibis,2.0
697,732,5.3165955,-4.104955,Novelas Hotel,4.5
698,733,6.6137778,-5.9228544,Hote ivoire,3.0
699,734,6.6203775,-5.9163252,Complexe wilson,3.0
700,735,5.8321265,-5.3752415,Le rocher divo,3.0
701,736,5.8321129,-5.3796507,Hoberge de l ocean,3.0
702,737,5.83977,-5.3408137,Hiam hotel,3.0
703,738,5.3191873,-4.0188226,Seen hotel Abidjan,4.5
704,739,5.257938,-3.9791796,Hotel le forum des senateurs,2.0
705,740,5.3328584,-4.1101841,Hotel victoria salimet,4.5
706,741,5.4731504,-3.2072181,Hotel la cachette,2.0
707,742,5.1506304,-3.1246105,Hotel maquis bar de mohoua,2.0
708,743,5.4619945,-4.0723782,Hotel Eu gnon,4.5
709,744,5.4522303,-4.0712626,Hotel Hkal'or,4.5
710,745,7.6931484,-5.056884,Sati,2.0
711,746,5.3645983,-3.9543946,Hotel Mirabelle,2.0
712,747,7.4091509,-7.5670865,Hotel Amointrin,2.0
713,748,7.6568898,-5.0184951,Residence hotel Etranfe,2.0
714,749,7.713206,-4.9878969,Saphir Hotel,2.0
715,750,6.8194042,-5.2741215,Hotel les Alizes,3.0
716,751,6.8220399,-5.2950287,Hotel Kolia,3.0
717,752,9.4631236,-5.6226429,Hotel Le Kadjona,2.0
718,753,8.2140511,-5.1254899,Hotel Communal de Fronan,2.0
719,754,7.6622025,-5.058363,Hotel Etranfe,2.0
720,755,7.6557257,-5.02514,Hotel de la Cite Mermoz,2.0
721,756,6.8499408,-5.2866268,Residence eden Park Yakro,3.0
722,757,5.2107915,-3.745675,Jardin d'Eden,2.0
723,758,9.2591209,-3.0108786,Hotel ZARA,2.0
724,759,5.1014119,-5.5900945,Hotel la falaise,3.0
725,760,5.1068798,-5.5828601,Hotel le Paradis,3.0
726,761,5.2441945,-4.9907032,Auberge Verger,4.5
727,762,5.1386649,-4.9868066,Cap Lahou,4.5
728,763,7.662761,-5.0158276,Hotel N'Zaza,2.0
729,764,7.6554934,-5.0151533,Hotel Le Meridien,2.0
730,765,4.5104899,-7.2814999,Hotel Pacha,2.0
731,766,7.4094008,-7.5499536,L'hotel Logements Sam-ly,2.0
732,767,5.105136,-5.5865262,Hotel Zenith,3.0
733,768,7.6789552,-5.0049574,Residence Hotel,2.0
734,769,5.3061688,-3.8206946,Amado laguna,2.0
735,770,5.2879933,-3.586225,Prestige hotel,2.0
736,771,7.6687665,-5.066137,Hotel etoile du Centre,2.0
737,772,7.6753108,-5.063625,Residence de la Paix,2.0
738,773,7.6722096,-5.0535384,Hotel Belair,2.0
739,774,5.3746096,-3.9865056,Nouvelle Villa Mia,2.0
740,775,6.1485705,-5.9464192,Gloria,3.0
741,776,7.6728517,-5.0513795,Hotel le Royaume,2.0
742,777,6.6516847,-4.7081929,Ackant,2.0
743,778,5.0989441,-5.5770899,Beau sejour,3.0
744,780,5.3595052,-3.9500196,Casa Ufficio Afrique Abidjan,2.0
745,781,5.8427499,-5.3418842,Hotel Boya,3.0
746,782,5.8963172,-4.8320557,Villa d'hotes,4.5
747,783,6.1871562,-5.2834401,Le Bon Repos,3.0
748,784,5.2506462,-4.9991546,Le ravin,4.5
749,785,5.3551137,-3.9747465,Residence Hotel Riviera,2.0
750,786,8.1261763,-5.1762419,Hotel womin tenin,2.0
751,787,8.1404557,-5.0994113,Hotel Amitie,2.0
752,788,5.3686621,-3.9282757,Hotel El vivo,2.0
753,789,5.3624907,-3.9575693,Lorenzo lounge,2.0
754,790,7.6648003,-5.0644215,Les Bungalows,2.0
755,791,5.3642717,-3.9754967,Hotel Djigui,2.0
756,792,5.2897658,-2.7945671,Hotel des Alpes,2.0
757,793,7.2650612,-8.1432351,GRaCE HOTEL,2.0
758,794,6.7835501,-5.2447893,Residence La Paix,3.0
759,795,6.7846402,-5.2428413,Savane,3.0
760,796,6.4884092,-6.5784182,Hotel-restaurant notre dame des pelerins,2.5
761,797,5.3961533,-4.0205317,LA VERDURE,4.5
762,798,6.7333346,-3.5068112,Hotel Albatros,2.0
763,799,6.7382225,-3.4998943,Conservatoire National des Arts et Metiers,2.0
764,800,6.7381036,-3.4989061,Musee Bieth,2.0
765,802,4.9505739,-6.0894116,Hotel Beau Sejour,2.0
766,803,9.4487786,-5.6284858,Hotel Non Stop,2.0
767,804,5.3551737,-3.9905948,La provincial,2.0
768,805,9.4485824,-5.6284271,Non Stop,2.0
769,806,5.3096719,-4.0068307,Hotel Madani,4.5
770,807,5.1618036,-3.4537262,African Queen Lodge,2.0
771,808,5.4203743,-4.0184649,Musee des cultures contemporaines,4.5
772,809,6.8225841,-5.2708898,Fanon,3.0
773,810,6.4858665,-6.5950554,Hotel boya,2.5
774,811,5.3993133,-6.5530227,M'Bally Hotel,2.0
775,812,5.5247561,-5.2429567,Hotel Residence Sandy,3.0
776,813,6.5435109,-7.5100355,Hotel Mahoule,2.0
777,814,7.6649119,-5.0291104,Residence Archange,2.0
778,815,6.5474541,-7.5089593,Hotel Bon Berger 1,2.0
779,816,9.503262,-7.5623254,Hotel Sarah,2.0
780,817,9.1498093,-4.6210801,Flagelle kong,2.0
781,818,9.828382,-6.4505697,Hotel Sababougnouman de Gbon,2.0
782,819,7.1463153,-5.2277457,La reference,2.0
783,821,6.7900553,-5.2604896,Hotel lawle,3.0
784,822,6.8092217,-5.2465383,Le Millionnaire-Annexe,3.0
785,823,6.7489331,-3.5092586,Nam Hotel,2.0
786,824,9.4470255,-5.6387919,HoTEL LA ROSE BLANCHE,2.0
787,825,8.0203589,-2.8128769,Auberge la Bonne etoile,2.0
788,826,7.9030151,-2.9661368,Residence hotel Akidom,2.0
789,827,5.4154765,-3.9841135,Karmen Residence Hotel,2.0
790,828,5.3870687,-3.9697391,cocody Hotel belle cote,2.0
791,829,5.170032,-3.5576803,Sabbath plage,2.0
792,830,4.7350759,-6.631725,Residence Colline Alba,2.0
793,831,7.0526192,-3.956251,Hotel Pacific,2.0
794,832,6.0946427,-3.8602457,Hotel Lotus,2.0
795,834,5.2006305,-4.4263914,African Sands Lodge,4.5
796,835,6.1527096,-5.9442015,Hotel Djetoua,3.0
797,836,5.2589686,-4.9992713,Hotel La Cite Rose,4.5
798,837,6.6910045,-4.1245511,Hotel,2.0
799,838,6.6982994,-4.1310902,Hotel 7 etoiles,2.0
800,839,7.1564401,-5.2145163,Hotel La Providence,2.0
801,840,5.8609745,-5.6773458,Hotel Mirabelle,3.0
802,841,5.8638503,-5.6823338,Hotel Gnoupale,3.0
803,842,6.8987284,-6.4156293,Hotel Guide daloa,2.5
804,843,6.6887106,-7.3485609,Complexe hotelier Dahoua,2.0
805,844,6.8458792,-5.2992124,Hotel la providence,3.0
806,845,8.6551401,-5.2796981,Residence hotel Top Net,2.0
807,846,7.3951803,-6.481451,SIA Hotel,2.5
808,847,7.3888978,-6.4871108,Hotel Sougoun,2.5
809,848,9.577795,-5.2001796,Hotel Relax,2.0
810,849,5.161137,-3.4778206,Le Bahia,2.0
811,850,6.8975303,-6.4128937,Hotel climaco,2.5
812,852,9.4475874,-5.6392142,Hotel La Rose Blanche,2.0
813,853,9.4424087,-5.6248032,Royal Hotel,2.0
814,854,6.8171063,-5.2431414,Florence Hotel Firenze,3.0
815,855,6.7356192,-7.3450644,Mavy Hotel,2.0
816,856,5.1611247,-3.4778231,Le Bahia,2.0
817,857,7.4024696,-7.5590479,Hotel Residence le Prestige,2.0
818,859,5.3331438,-4.3895191,Residence N'Da,4.5
819,860,5.1872159,-3.3200906,Villa Tiba,2.0
820,861,5.3164133,-4.3728202,Hotel,4.5
821,862,5.9065729,-4.8728489,Fredy's Bio Plantation,4.5
822,863,5.2224041,-4.4242506,Hotel les Olivers,4.5
823,864,5.9427717,-4.1975908,Hotel les Anges,4.5
824,865,5.9261787,-4.2076738,El Colombo,4.5
825,866,7.6468172,-5.0323405,Hotel CROU Le Lac,2.0
826,867,9.4346281,-5.6323176,Residence,2.0
827,868,7.8770994,-4.7243018,N'Zi River Lodges,2.0
828,869,7.6513977,-5.0227614,Hotel Bellerose,2.0
829,870,9.6125686,-6.0760204,Village traditionnel de Niofoin,2.0
830,871,9.8920532,-6.4104873,Hotel Escale,2.0
831,872,9.5675685,-6.4817551,Flabougou (village peul),2.0
832,873,9.5868456,-5.2169062,Hotel La Rose,2.0
833,875,5.3853677,-3.992393,Residence Hotel Maizi's,2.0
834,876,5.3917805,-3.9794775,Hotel Providence,2.0
835,877,5.4403291,-4.0144671,Hotel Teneoure,4.5
836,878,5.3300444,-4.0004477,White House Hotel,4.5
837,879,5.3896125,-3.989474,Espace Manvy Hotel,2.0
838,880,5.3609176,-3.9785213,Residence Yeli Hotel,2.0
839,881,5.3514267,-3.9746718,Complexes Hoteliers Limah,2.0
840,882,5.3280298,-3.9422882,Hotel Bema,2.0
841,883,5.3791805,-3.9878234,Hotel La Forge,2.0
842,884,5.3379772,-3.9741246,Hotel etoile De La Paix,2.0
843,885,5.3492245,-3.9616388,ARN Hotel,2.0
844,886,5.3829512,-3.9321693,Madrize Residence et Spa,2.0
845,887,5.3811123,-3.93168,Hotel Lys des Vallees,2.0
846,888,5.3650212,-3.9533984,Abidjan Spa,2.0
847,889,5.3635891,-3.9619808,Quebess Hotel Bar Climatise,2.0
848,890,5.3659671,-3.9372562,Residence Terano,2.0
849,891,7.2879754,-4.0080604,Hotel Le Plateau,2.0
850,892,5.4144386,-4.0097918,Hotel,4.5
851,893,5.3993759,-3.9780493,Enka Flash Hotel,2.0
852,894,5.3381356,-3.9749805,Maquis Bar Hotel Le Grand,2.0
853,895,6.8034113,-5.2415036,Hotel Hanniel,3.0
854,896,5.3385476,-4.0636278,Massa-Hotel,4.5
855,897,5.3375435,-4.0661766,Hotel Gloris,4.5
856,898,5.3327097,-4.0662986,Hotel Canaan,4.5
857,899,5.3333079,-4.0715879,Hotel Deva,4.5
858,900,5.3646036,-3.9373002,Hotel du Roi,2.0
859,901,5.3226924,-4.0040041,Hotel le Koky,4.5
860,902,5.4105287,-3.984734,Residence Hotel Bon Samira,2.0
861,903,5.3987421,-3.9916715,Residence hotel Santa Adelina,2.0
862,904,5.4241898,-3.9955173,Hotel restau bar MSI village,2.0
863,905,5.4409784,-4.0148374,Hotel bar intimite,4.5
864,906,5.4435694,-4.02623,Hotel Naniye,4.5
865,907,5.4436341,-4.0263138,Hotel Djibou,4.5
866,908,5.4468468,-4.0178669,Hotel,4.5
867,909,5.3700656,-3.9474795,Bluebay hotel,2.0
868,910,5.3771051,-3.9623837,Residence hotel zagou,2.0
869,911,5.3646856,-3.9369348,Claude vision hotel du roi,2.0
870,912,7.6821225,-5.0087958,Complexe Oriental,2.0
871,913,6.6431937,-4.7032266,Rail Hotel,2.0
872,914,5.3837737,-3.9770611,Residence Ethan,2.0
873,915,8.3664869,-4.4374518,Hotel Residence les villages,2.0
